{
  "train_loss": [
    0.2502933638727563,
    0.1771247998262063,
    0.15586600463274877,
    0.13938052937430873,
    0.12624470961739195,
    0.11497185187164874,
    0.10528398513199597,
    0.09406144414999207,
    0.08777451259415714,
    0.0817807291838688
  ],
  "train_acc": [
    0.8975137998575499,
    0.9312566773504274,
    0.9400707799145299,
    0.9471821581196581,
    0.9517895299145299,
    0.9563969017094017,
    0.9604589565527065,
    0.9642539173789174,
    0.9671585648148148,
    0.9689503205128205
  ],
  "val_loss": [
    0.18076501569747924,
    0.19806701793670653,
    0.22991224646568298,
    0.14439618628025055,
    0.11422420747280121,
    0.10814794850349427,
    0.09775231685638427,
    0.09698255900144577,
    0.09040950338840485,
    0.08545908679962158
  ],
  "val_acc": [
    0.9274,
    0.9201,
    0.9154,
    0.9438,
    0.9559,
    0.9566,
    0.9604,
    0.9611,
    0.9645,
    0.9683
  ]
}