{
  "train_loss": [
    0.16083340857649595,
    0.11257071747506835,
    0.08652966588226864,
    0.061891993432230244,
    0.040574993545078215
  ],
  "train_acc": [
    0.9378445056899004,
    0.9572368421052632,
    0.9670496977240398,
    0.9764069167852063,
    0.9852195945945946
  ],
  "val_loss": [
    0.11382288219630718,
    0.10226616960763932,
    0.08050435819029808,
    0.06025727918148041,
    0.05237133465111256
  ],
  "val_acc": [
    0.9574,
    0.961,
    0.9697,
    0.9784,
    0.9807
  ]
}