{
  "accuracy": 0.9826,
  "precision": 0.981925304573597,
  "recall": 0.9833,
  "f1": 0.982612171479964,
  "roc_auc": 0.9983207700000001,
  "confusion_matrix": [
    [
      9819,
      181
    ],
    [
      167,
      9833
    ]
  ]
}