{
  "accuracy": 0.9677,
  "precision": 0.969578313253012,
  "recall": 0.9657,
  "f1": 0.9676352705410821,
  "roc_auc": 0.9953011400000001,
  "confusion_matrix": [
    [
      9697,
      303
    ],
    [
      343,
      9657
    ]
  ]
}